{"cameraMode":{"drawMode":0,"name":"Shaded","section":"Shading Mode"},"sceneLighting":true,"audioPlay":false,"sceneViewState":{"showFog":true,"showMaterialUpdate":true,"showSkybox":true,"showFlares":true,"showImageEffects":true,"showParticleSystems":true},"in2DMode":false,"pivot":{"x":1389.74755859375,"y":893.458984375,"z":-804.3438720703125},"rotation":{"x":-0.6572698950767517,"y":-0.08602508902549744,"z":0.07590944319963455,"w":-0.744877278804779},"size":1755.565673828125,"orthographic":false}