{"cameraMode":{"drawMode":0,"name":"Shaded","section":"Shading Mode"},"sceneLighting":true,"audioPlay":false,"sceneViewState":{"showFog":true,"showMaterialUpdate":true,"showSkybox":true,"showFlares":true,"showImageEffects":true,"showParticleSystems":true},"in2DMode":false,"pivot":{"x":1347.8486328125,"y":620.7373046875,"z":-582.72705078125},"rotation":{"x":0.10839356482028961,"y":-0.4766213595867157,"z":0.05935648828744888,"w":0.8703797459602356},"size":1220.914306640625,"orthographic":false}