{"cameraMode":{"drawMode":0,"name":"Shaded","section":"Shading Mode"},"sceneLighting":false,"audioPlay":false,"sceneViewState":{"showFog":true,"showMaterialUpdate":true,"showSkybox":false,"showFlares":true,"showImageEffects":true,"showParticleSystems":true},"in2DMode":false,"pivot":{"x":1347.8486328125,"y":107.80307006835938,"z":-582.72705078125},"rotation":{"x":-0.2092045098543167,"y":0.7145629525184631,"z":-0.23997429013252259,"w":-0.6229373216629028},"size":336.5425720214844,"orthographic":false}